{"cameraMode":{"drawMode":0,"name":"Shaded","section":"Shading Mode"},"sceneLighting":false,"audioPlay":false,"sceneViewState":{"showFog":true,"showMaterialUpdate":false,"showSkybox":true,"showFlares":true,"showImageEffects":true,"showParticleSystems":true},"in2DMode":false,"pivot":{"x":-314.5799865722656,"y":-19.299999237060548,"z":-28.31999969482422},"rotation":{"x":-0.1886085867881775,"y":0.4421146810054779,"z":-0.09566690772771836,"w":-0.8716704249382019},"size":4.664035320281982,"orthographic":false}