{"cameraMode":{"drawMode":0,"name":"Shaded","section":"Shading Mode"},"sceneLighting":false,"audioPlay":false,"sceneViewState":{"showFog":true,"showMaterialUpdate":false,"showSkybox":true,"showFlares":true,"showImageEffects":true,"showParticleSystems":true},"in2DMode":false,"pivot":{"x":-3.20428466796875,"y":-1.4428892135620118,"z":1.3725605010986329},"rotation":{"x":-0.03267781808972359,"y":0.9375759959220886,"z":-0.09177504479885102,"w":-0.33385756611824038},"size":14.478692054748536,"orthographic":false}