{"cameraMode":{"drawMode":0,"name":"Shaded","section":"Shading Mode"},"sceneLighting":false,"audioPlay":false,"sceneViewState":{"showFog":true,"showMaterialUpdate":false,"showSkybox":true,"showFlares":true,"showImageEffects":true,"showParticleSystems":true},"in2DMode":false,"pivot":{"x":-6.579618453979492,"y":0.8627381324768066,"z":0.7739112377166748},"rotation":{"x":-0.08060546219348908,"y":0.5767372846603394,"z":-0.05732942745089531,"w":-0.8109193444252014},"size":14.478692054748536,"orthographic":false}