{"cameraMode":{"drawMode":0,"name":"Shaded","section":"Shading Mode"},"sceneLighting":false,"audioPlay":false,"sceneViewState":{"showFog":true,"showMaterialUpdate":false,"showSkybox":true,"showFlares":true,"showImageEffects":true,"showParticleSystems":true},"in2DMode":false,"pivot":{"x":6.74528694152832,"y":-3.102386236190796,"z":-1.4742635488510132},"rotation":{"x":0.1271643191576004,"y":0.6870988011360169,"z":-0.12401750683784485,"w":0.7045169472694397},"size":13.76307487487793,"orthographic":false}