{"cameraMode":{"drawMode":0,"name":"Shaded","section":"Shading Mode"},"sceneLighting":false,"audioPlay":false,"sceneViewState":{"showFog":true,"showMaterialUpdate":false,"showSkybox":true,"showFlares":true,"showImageEffects":true,"showParticleSystems":true},"in2DMode":false,"pivot":{"x":-0.17462027072906495,"y":0.019487380981445314,"z":-0.28023433685302737},"rotation":{"x":0.1675230711698532,"y":0.8151007294654846,"z":-0.4738083481788635,"w":0.28818851709365847},"size":1.4941385984420777,"orthographic":false}