{"cameraMode":{"drawMode":0,"name":"Shaded","section":"Shading Mode"},"sceneLighting":false,"audioPlay":false,"sceneViewState":{"showFog":true,"showMaterialUpdate":false,"showSkybox":true,"showFlares":true,"showImageEffects":true,"showParticleSystems":true},"in2DMode":false,"pivot":{"x":10.96923542022705,"y":-1.5578813552856446,"z":-4.166970252990723},"rotation":{"x":-0.14171312749385835,"y":-0.8359605669975281,"z":0.2547934949398041,"w":-0.46493828296661379},"size":17.294029235839845,"orthographic":false}