{"cameraMode":{"drawMode":0,"name":"Shaded","section":"Shading Mode"},"sceneLighting":false,"audioPlay":false,"sceneViewState":{"showFog":true,"showMaterialUpdate":false,"showSkybox":true,"showFlares":true,"showImageEffects":true,"showParticleSystems":true},"in2DMode":false,"pivot":{"x":-0.7436808347702026,"y":-0.6165556907653809,"z":1.0547137260437012},"rotation":{"x":-0.29668477177619936,"y":-0.04561363905668259,"z":0.014187000691890717,"w":-0.9537799954414368},"size":6.467055320739746,"orthographic":false}