{"cameraMode":{"drawMode":0,"name":"Shaded","section":"Shading Mode"},"sceneLighting":false,"audioPlay":false,"sceneViewState":{"showFog":true,"showMaterialUpdate":false,"showSkybox":true,"showFlares":true,"showImageEffects":true,"showParticleSystems":true},"in2DMode":false,"pivot":{"x":0.2915610074996948,"y":0.12472033500671387,"z":0.08112990856170654},"rotation":{"x":-0.0005133810336701572,"y":0.9709665775299072,"z":-0.2392057329416275,"w":-0.002093004761263728},"size":1.4941385984420777,"orthographic":false}